domain_category,mean_risk,std_risk,n
Educational Platforms,3.70969049832625,0.4824032729779907,114
Technology Science and Research,3.6554826267276863,0.47178433348906873,121
E-commerce,3.5152775002775,0.3617501732201066,55
Health and Wellness,3.5073260073260073,0.39892131176147844,39
Streaming Platforms,3.4784364408792325,0.4163722225779573,76
News and Media,3.4532893867515004,0.23202381374674655,118
Government and Public Services,3.4177255529107384,0.3422832124584439,81
